track_id,frame,fluorescence
1,0,1.1741701257696218
1,1,1.1759176954028192
1,2,1.1759522128853537
1,3,1.1734672752888966
1,4,1.1758624604781427
1,5,1.1763784552118033
1,6,1.1774453474448152
1,7,1.174206467480898
1,8,1.1778204614953822
1,9,1.175923765514394
1,10,1.1779373736279397
1,11,1.17227755214961
1,12,1.175089997756051
1,13,1.176617234136756
1,14,1.177538088133907
1,15,1.1781078256755282
1,16,1.1800500422633462
1,17,1.176107077471148
1,18,1.1794282655433268
1,19,1.1764115844957372
1,20,1.1817635561240107
1,21,1.178701498205683
1,22,1.183345661473296
1,23,1.1793034028999572
1,24,1.1797044511139578
1,25,1.1754803969465035
1,26,1.1790710656936727
1,27,1.1783715778790789
1,28,1.1789959740960991
1,29,1.1803396836538813
1,30,1.1786895954555296
1,31,1.1770790750068376
1,32,1.178010331233365
1,33,1.180648983085837
1,34,1.1760917582825063
1,35,1.1815212732669704
1,36,1.1781872361443408
1,37,1.1774443064121811
1,38,1.162893131963784
1,39,1.1605958976834074
1,40,1.1546094213516347
1,41,1.1579305547429826
1,42,1.157197244843314
1,43,1.1549693275884676
1,44,1.1513026797019803
1,45,1.1538561707654515
1,46,1.1523779422174067
1,47,1.1558189068707785
1,48,1.155007594531396
1,49,1.1543938828229032
1,50,1.1551778797462138
1,51,1.1566032143064249
1,52,1.1540468560768735
1,53,1.1511723250993604
1,54,1.1537844030595168
1,55,1.1556643329671563
1,56,1.1559653087631845
1,57,1.1587384380162389
1,58,1.169452461642135
1,59,1.1676794462738025
1,60,1.1720446946319782
1,61,1.1689444342756263
1,62,1.1750786769664392
1,63,1.1762042774858357
1,64,1.1745362680297418
1,65,1.1704981386179092
1,66,1.175884379280832
1,67,1.1763763310561963
1,68,1.172114298128358
1,69,1.1723113775344751
1,70,1.1759384383159217
1,71,1.175517506037978
1,72,1.1717104946333812
1,73,1.175336798083568
1,74,1.1772884504851548
1,75,1.173212780148298
1,76,1.1766377894103122
1,77,1.1782460195808826
1,78,1.1764601398052474
1,79,1.1774522896106434
1,80,1.1746933365604977
2,0,1.1781317386019716
2,1,1.1778911302892976
2,2,1.177259672147078
2,3,1.1781172217345286
2,4,1.1788293977911504
2,5,1.1774770360108664
2,6,1.180073198072738
2,7,1.1776648006818269
2,8,1.178346801616459
2,9,1.1777958359084086
2,10,1.1797137400281317
2,11,1.177020054843399
2,12,1.1764686058916816
2,13,1.17893710547535
2,14,1.178873783348947
2,15,1.1796791255568386
2,16,1.1794745063052938
2,17,1.176692356073147
2,18,1.1810519993321928
2,19,1.1801663477391162
2,20,1.178105930685546
2,21,1.1816465006499268
2,22,1.1816613811414665
2,23,1.1825739102357298
2,24,1.1796730223120724
2,25,1.1813907785352324
2,26,1.182572717019781
2,27,1.1833197552321717
2,28,1.1808699126839823
2,29,1.181650536883649
2,30,1.1844756087634358
2,31,1.179788921987028
2,32,1.1825039386709522
2,33,1.1803212026154983
2,34,1.1775126062321928
2,35,1.1837275871916917
2,36,1.1812435619027808
2,37,1.1765862837051475
2,38,1.1701567264681685
2,39,1.1639416054725955
2,40,1.1566590086552702
2,41,1.159558223519644
2,42,1.1574598734388184
2,43,1.1582779303227682
2,44,1.1592331083370484
2,45,1.1575905469652363
2,46,1.15951005037149
2,47,1.1561971878884454
2,48,1.1546354074234826
2,49,1.1556062330043244
2,50,1.156913920046368
2,51,1.1570450731159685
2,52,1.1577155035823632
2,53,1.157065520531358
2,54,1.1575007540411688
2,55,1.154557252637177
2,56,1.1580047987303332
2,57,1.1633348659913318
2,58,1.1685313085842937
2,59,1.1677599511510572
2,60,1.174449861120869
2,61,1.1733162570593314
2,62,1.1782610968253455
2,63,1.1747448531176568
2,64,1.1753375475511796
2,65,1.1759192170425323
2,66,1.1757969452967572
2,67,1.177535576846583
2,68,1.17781344843129
2,69,1.1770911659126249
2,70,1.180004257004871
2,71,1.1779170876431242
2,72,1.179038477228776
2,73,1.1766410226086104
2,74,1.1778971496120183
2,75,1.1793221837912844
2,76,1.1821677017637813
2,77,1.1759625622115992
2,78,1.1832534018900809
2,79,1.1768606936241666
2,80,1.1784046332665683
3,0,1.171241605143963
3,1,1.1764955449066925
3,2,1.1722305285663268
3,3,1.172231546174899
3,4,1.1705753601566673
3,5,1.1738563257621286
3,6,1.1738944174868464
3,7,1.1706360289236544
3,8,1.1743596657590554
3,9,1.1735605153816475
3,10,1.1681151426923693
3,11,1.170801659348157
3,12,1.17226577992687
3,13,1.171943188966719
3,14,1.1742700717896923
3,15,1.1777218970309118
3,16,1.1737726215423996
3,17,1.1730725869759144
3,18,1.1767518698543544
3,19,1.1730533238331138
3,20,1.175590988283802
3,21,1.1777104281698698
3,22,1.1751616590909597
3,23,1.1760201968915258
3,24,1.175914559631174
3,25,1.1711590322410688
3,26,1.1736209408911316
3,27,1.1728612569152173
3,28,1.1744809014419269
3,29,1.1771567670790763
3,30,1.174156168452401
3,31,1.174088876700022
3,32,1.1738758405637897
3,33,1.1736833749789115
3,34,1.1719288669540786
3,35,1.1718813932214
3,36,1.1760573724016448
3,37,1.1728612797343796
3,38,1.1662460905678986
3,39,1.159697631706194
3,40,1.1517663668398557
3,41,1.1532887033061632
3,42,1.1519548904870294
3,43,1.1484820644297635
3,44,1.1464574707114823
3,45,1.1493951994662863
3,46,1.1477937807788992
3,47,1.148063897386177
3,48,1.1472089861882624
3,49,1.1464453204071103
3,50,1.1456260908478924
3,51,1.1462934680022745
3,52,1.1445855030250642
3,53,1.1441921966124542
3,54,1.1430370204734113
3,55,1.1452094620128266
3,56,1.1482575425116746
3,57,1.1516408111888607
3,58,1.1584100777511712
3,59,1.159624678209374
3,60,1.1657737670339554
3,61,1.1675107161734768
3,62,1.1671844494144197
3,63,1.168217500674373
3,64,1.1664148851068248
3,65,1.166829622917097
3,66,1.1661305827348991
3,67,1.1656773265729865
3,68,1.165698246102662
3,69,1.1663012899106289
3,70,1.1687072995519
3,71,1.166212011026747
3,72,1.1657637727293897
3,73,1.1741779283349525
3,74,1.1702914210007047
3,75,1.1679382736201085
3,76,1.1709138925844027
3,77,1.171335059682138
3,78,1.171481497915918
3,79,1.169120139546542
3,80,1.1709676257200567
4,0,1.1899515827264815
4,1,1.1867529436605653
4,2,1.1874918276393214
4,3,1.1862923832637144
4,4,1.1859041389038194
4,5,1.1880819283186346
4,6,1.1915846396971377
4,7,1.1865943464107331
4,8,1.1908557330485396
4,9,1.1886845082899302
4,10,1.1913942109582387
4,11,1.1874786264414992
4,12,1.1862008356667428
4,13,1.1888603740545676
4,14,1.187366192393888
4,15,1.190766625588206
4,16,1.1931136389527108
4,17,1.1896402365535983
4,18,1.1893262571214989
4,19,1.1888598522630671
4,20,1.1922430603661405
4,21,1.1929917117886693
4,22,1.1917126137220364
4,23,1.1922523295323253
4,24,1.1915089063080078
4,25,1.192500362576386
4,26,1.192874386212604
4,27,1.1919942481446926
4,28,1.1961144089881657
4,29,1.1910222942020163
4,30,1.1951706551681616
4,31,1.1902937380623326
4,32,1.1909771122015695
4,33,1.1932953796034236
4,34,1.1890145769673313
4,35,1.1929891018064087
4,36,1.186856211903172
4,37,1.1873003885018547
4,38,1.1803257399757618
4,39,1.1760573805871717
4,40,1.171999642246428
4,41,1.1716732890136468
4,42,1.166984679190542
4,43,1.1678356885152916
4,44,1.1676842481865564
4,45,1.1673969834066915
4,46,1.170239726623024
4,47,1.1666895394459609
4,48,1.1655110083646685
4,49,1.1643770665388922
4,50,1.1691966061587955
4,51,1.1674090339773369
4,52,1.159801446424
4,53,1.1658966296662976
4,54,1.1634752189884108
4,55,1.163645272651736
4,56,1.167035734432572
4,57,1.1713059703060176
4,58,1.1782632941053224
4,59,1.1810805086692728
4,60,1.184037144132551
4,61,1.1829868615299917
4,62,1.1858223678277702
4,63,1.184809152485003
4,64,1.1850807823805511
4,65,1.19015309926082
4,66,1.1868378190890363
4,67,1.1908472477947138
4,68,1.1851380709684312
4,69,1.1849654179641131
4,70,1.188566779209279
4,71,1.1861115509809854
4,72,1.1884409471699522
4,73,1.1892809242068283
4,74,1.1909610169058982
4,75,1.18778384832998
4,76,1.1882474724935763
4,77,1.1925636977979923
4,78,1.190246129950823
4,79,1.1906994731620677
4,80,1.1900633183330105
5,0,1.2000469765863222
5,1,1.2003088461197604
5,2,1.197591292078063
5,3,1.2029559104582817
5,4,1.2064934825036553
5,5,1.2035252761797055
5,6,1.2046394438135428
5,7,1.2051026565642418
5,8,1.20905538350424
5,9,1.20268622635288
5,10,1.2091190873273472
5,11,1.2103684728225237
5,12,1.2099953314049323
5,13,1.212570824683219
5,14,1.2099847954329035
5,15,1.2085884641855595
5,16,1.2085360208149911
5,17,1.2078564301765902
5,18,1.2131208022896167
5,19,1.2067556970035491
5,20,1.2116849583993452
5,21,1.209184217259568
5,22,1.2095850263901995
5,23,1.209411327272626
5,24,1.2112946638706132
5,25,1.206869774690264
5,26,1.2065252969047704
5,27,1.2103109100223826
5,28,1.207747876035703
5,29,1.2051074576706926
5,30,1.2037050325320189
5,31,1.210907385676099
5,32,1.2059829081732298
5,33,1.2111257957803383
5,34,1.2040600958169734
5,35,1.206011548166711
5,36,1.2050244699516517
5,37,1.2060496964121332
5,38,1.1997914345456278
5,39,1.195487578481737
5,40,1.1882035737556222
5,41,1.1888522176231764
5,42,1.1890470730621516
5,43,1.1846440648442458
5,44,1.183802136838745
5,45,1.1863796810755525
5,46,1.1827919569395633
5,47,1.1863945868768413
5,48,1.1842952902553794
5,49,1.1838350832168254
5,50,1.183953463928404
5,51,1.1841173768370816
5,52,1.1816438835572132
5,53,1.1793732087492304
5,54,1.179786898109922
5,55,1.1841130913570117
5,56,1.182954378847771
5,57,1.188035419090144
5,58,1.1947110260977036
5,59,1.197142093640253
5,60,1.1997693525260145
5,61,1.2075073602909536
5,62,1.2033490040485797
5,63,1.2067440323440983
5,64,1.2057005336771656
5,65,1.204576501340709
5,66,1.2028682632992929
5,67,1.2035304830281384
5,68,1.2022154245462953
5,69,1.2034676232011747
5,70,1.2013239213982698
5,71,1.2022426887925357
5,72,1.2061538904568587
5,73,1.2046702132121143
5,74,1.203578885505462
5,75,1.2083842750876856
5,76,1.2032628989441505
5,77,1.2087074139295475
5,78,1.208081372233479
5,79,1.2057910936546916
5,80,1.212394800379588
6,0,1.17142910232026
6,1,1.1723895917914249
6,2,1.1723933105180395
6,3,1.1710121054588347
6,4,1.173733654362917
6,5,1.1767243364517812
6,6,1.175158804154727
6,7,1.1756411602028218
6,8,1.1770057857492806
6,9,1.176191085570261
6,10,1.1758478454808898
6,11,1.1749875757850952
6,12,1.172978562428585
6,13,1.173196029952301
6,14,1.1738314870588138
6,15,1.1757548138262708
6,16,1.1766624062198163
6,17,1.1773775422263917
6,18,1.1768214990566503
6,19,1.1754929888281795
6,20,1.1752112414718692
6,21,1.1767638911859215
6,22,1.1775903241662142
6,23,1.179243880122369
6,24,1.1778988967803945
6,25,1.1804531560491769
6,26,1.1776051009848951
6,27,1.1770703533987108
6,28,1.179805804413335
6,29,1.1778322273939603
6,30,1.176255020093533
6,31,1.1774658692072422
6,32,1.177483487272316
6,33,1.1781108626531271
6,34,1.1759050506886075
6,35,1.1787954685654218
6,36,1.1783714243674366
6,37,1.174903713311211
6,38,1.1711817252459098
6,39,1.1625453919336763
6,40,1.1551408101247924
6,41,1.1582423115310656
6,42,1.1562453663418546
6,43,1.154629471556414
6,44,1.157291104364366
6,45,1.1570428049758277
6,46,1.155868736972298
6,47,1.156691382938717
6,48,1.1558624564759352
6,49,1.1529563271292729
6,50,1.153472781709856
6,51,1.1525665376931666
6,52,1.15102133247774
6,53,1.149591924704911
6,54,1.1504770629656011
6,55,1.151461176622373
6,56,1.1521010855115856
6,57,1.1575533134285376
6,58,1.1654781358668789
6,59,1.1672391380948994
6,60,1.171175674198025
6,61,1.1699574421635732
6,62,1.1685637510356826
6,63,1.174428775804458
6,64,1.169841313731757
6,65,1.1733810115443828
6,66,1.1733154049140595
6,67,1.1760826178655952
6,68,1.174881592441747
6,69,1.174848085464646
6,70,1.1738340353098442
6,71,1.1751748850420982
6,72,1.1765739803786606
6,73,1.1749144036118264
6,74,1.1742033028206509
6,75,1.1774766409297064
6,76,1.1751695681194194
6,77,1.1779543169135744
6,78,1.1766110687957645
6,79,1.1760078230537214
6,80,1.1767859610967508
7,0,1.152636147645019
7,1,1.153279482443095
7,2,1.154775793755448
7,3,1.1518098604638574
7,4,1.1524636934945365
7,5,1.1563096528353043
7,6,1.151985773526261
7,7,1.1505516840064371
7,8,1.1545182793854512
7,9,1.1542100823366153
7,10,1.1525638117317674
7,11,1.1536172962333942
7,12,1.1499983627693695
7,13,1.1529146780932686
7,14,1.153183132649283
7,15,1.1543271567020166
7,16,1.153466534497386
7,17,1.1528576044388312
7,18,1.152778734100832
7,19,1.1552562703692668
7,20,1.1518671309010955
7,21,1.1534864897316015
7,22,1.1535647848232338
7,23,1.1556597785759573
7,24,1.152216999729635
7,25,1.1504868016681002
7,26,1.1511327834834646
7,27,1.1525422288866751
7,28,1.1535022659832537
7,29,1.1589474422881825
7,30,1.1541598043391854
7,31,1.15394099701373
7,32,1.155176300133771
7,33,1.1594022930777794
7,34,1.1554854702196624
7,35,1.1532061371471996
7,36,1.1534564011498956
7,37,1.1496784125375163
7,38,1.1418893227945044
7,39,1.1378568598435472
7,40,1.1347380376166325
7,41,1.132712786040224
7,42,1.134653712638792
7,43,1.1326874812059116
7,44,1.133957096890075
7,45,1.136828315330241
7,46,1.1330732836766493
7,47,1.1347847323619726
7,48,1.1353338254699965
7,49,1.1341784065600815
7,50,1.1366781762567773
7,51,1.1354998288913167
7,52,1.1336960063439332
7,53,1.1303633699434303
7,54,1.1314879401728568
7,55,1.1334478585674623
7,56,1.1336426048317625
7,57,1.1372633141435853
7,58,1.141807627438545
7,59,1.1439004557744594
7,60,1.1475133401970703
7,61,1.146233854484292
7,62,1.1505061404941477
7,63,1.1457797258937452
7,64,1.1452293030354963
7,65,1.1482752458033008
7,66,1.1473381578490118
7,67,1.148805658818519
7,68,1.1477639000127586
7,69,1.1504661930745008
7,70,1.1513524061757636
7,71,1.1534868194306764
7,72,1.1495749930321075
7,73,1.1504290852379786
7,74,1.1528359550040062
7,75,1.1531276521307228
7,76,1.1531770389349003
7,77,1.155087308793584
7,78,1.1511835218979949
7,79,1.1570334971194536
7,80,1.1535009883691352
8,0,1.169472996457667
8,1,1.167744054341707
8,2,1.1681127657695094
8,3,1.1646396469660982
8,4,1.168067244545354
8,5,1.1672045021356148
8,6,1.1687776770741145
8,7,1.1674077488131214
8,8,1.1706518697628756
8,9,1.165354221186568
8,10,1.1721730438993447
8,11,1.1671543917787413
8,12,1.171151226202363
8,13,1.1695328300451873
8,14,1.171230119000351
8,15,1.1731709003793585
8,16,1.1712947400440388
8,17,1.1699755454365668
8,18,1.1695253204217784
8,19,1.1683820654196209
8,20,1.1711637600260465
8,21,1.171240096413135
8,22,1.1726194269780856
8,23,1.1711227444931311
8,24,1.1689443615866577
8,25,1.1695209846011496
8,26,1.167752358872759
8,27,1.1736373892717995
8,28,1.1714968983487932
8,29,1.17243733117569
8,30,1.1707279572411655
8,31,1.172944690434681
8,32,1.168840861810018
8,33,1.173225285447478
8,34,1.1698935265922423
8,35,1.169655379342309
8,36,1.171378221959288
8,37,1.167547723183039
8,38,1.1574103426374538
8,39,1.1516961981122311
8,40,1.1488814671133811
8,41,1.148722796545405
8,42,1.1485506476163858
8,43,1.1502417425650218
8,44,1.1475580832324337
8,45,1.148266462915068
8,46,1.1518683179249942
8,47,1.149271657458208
8,48,1.1494054893352763
8,49,1.1511216143524756
8,50,1.148551854060764
8,51,1.14722015268165
8,52,1.1526892874976575
8,53,1.149026269137215
8,54,1.1509947407988923
8,55,1.147188559163645
8,56,1.1511242648746736
8,57,1.1606217170533106
8,58,1.1661004049292154
8,59,1.1664886105160748
8,60,1.165849844741263
8,61,1.169042639198454
8,62,1.1708621430218105
8,63,1.165234058323535
8,64,1.1696769529816953
8,65,1.1732013201954123
8,66,1.170919107562764
8,67,1.1719280631181157
8,68,1.1724981286126392
8,69,1.1705034005710877
8,70,1.173291459736263
8,71,1.1672818981340332
8,72,1.1720581808820167
8,73,1.1690691045758714
8,74,1.171138929021592
8,75,1.16943519414393
8,76,1.172377233963407
8,77,1.1715405441169129
8,78,1.1701632281475949
8,79,1.169799979355169
8,80,1.1722883266642066
9,0,1.1686517045093232
9,1,1.1678624089992822
9,2,1.1677708471175483
9,3,1.1653949022362704
9,4,1.168364862613916
9,5,1.1701478927171218
9,6,1.1701208688096132
9,7,1.168919204743227
9,8,1.1680857835550214
9,9,1.167150940043116
9,10,1.1702916066240172
9,11,1.1723932076748236
9,12,1.1712377942780434
9,13,1.1748790541615004
9,14,1.1728218778186337
9,15,1.1745924582684515
9,16,1.1712777300780268
9,17,1.168635211527566
9,18,1.1714909688380328
9,19,1.1710493689246613
9,20,1.1721275157066622
9,21,1.1738038796277657
9,22,1.173849290541585
9,23,1.1742067529002604
9,24,1.171642440973531
9,25,1.1690876002622097
9,26,1.1741840389068174
9,27,1.173627651434552
9,28,1.1751338187910247
9,29,1.174309273929428
9,30,1.1756097076719747
9,31,1.1750325559253694
9,32,1.1771857319548868
9,33,1.17397414560254
9,34,1.1712429037650272
9,35,1.1737804652390755
9,36,1.1736064423999275
9,37,1.1697362897189665
9,38,1.1610641190556985
9,39,1.153920037179647
9,40,1.149733705502036
9,41,1.1524508741678745
9,42,1.1522340458127087
9,43,1.1503963770427126
9,44,1.1518000622817168
9,45,1.1505805433072551
9,46,1.147382887701882
9,47,1.1518628064769385
9,48,1.151763123804393
9,49,1.151291616761425
9,50,1.150835561086956
9,51,1.1490390210417951
9,52,1.1499779758413815
9,53,1.1529213029886356
9,54,1.150838328717034
9,55,1.150012774924141
9,56,1.1536510902974877
9,57,1.160328119627624
9,58,1.1639175696326771
9,59,1.164508663539037
9,60,1.1656552622887308
9,61,1.1674309423225375
9,62,1.1738000653824852
9,63,1.1687392734115285
9,64,1.1711468454955936
9,65,1.1728105157801276
9,66,1.1711082764831102
9,67,1.1722699849149425
9,68,1.1713465503960656
9,69,1.1728359582571872
9,70,1.172142918784305
9,71,1.1721920941373378
9,72,1.1692515460119397
9,73,1.1768046494311886
9,74,1.1761825493045657
9,75,1.1723627694493688
9,76,1.1715007632866163
9,77,1.1740636548585848
9,78,1.1747727759667217
9,79,1.1743977585045746
9,80,1.170309156147099
10,0,1.1605997753956037
10,1,1.162992611543296
10,2,1.1628379004457172
10,3,1.159561373722097
10,4,1.1584159074468308
10,5,1.162141657720835
10,6,1.1613240004018337
10,7,1.1601616425638552
10,8,1.1622587683320564
10,9,1.1600241449157365
10,10,1.1624188347100637
10,11,1.1590239844942272
10,12,1.1630071347648938
10,13,1.1648291967296132
10,14,1.1605717257824275
10,15,1.16392732210937
10,16,1.1600988646179948
10,17,1.161760248084104
10,18,1.1628034485198606
10,19,1.165184229258741
10,20,1.1633376100578947
10,21,1.1621968616984035
10,22,1.1625981642664769
10,23,1.164793085825336
10,24,1.162949790427071
10,25,1.162640655186163
10,26,1.1618777778978613
10,27,1.163052272979888
10,28,1.1617839499498597
10,29,1.163962588661665
10,30,1.1648599149349363
10,31,1.1641049355312485
10,32,1.165040677584678
10,33,1.163082061050802
10,34,1.1627544238898198
10,35,1.1663833240549266
10,36,1.1633715209898703
10,37,1.1598926892465913
10,38,1.1503552049106982
10,39,1.1420156657249712
10,40,1.1398107149508525
10,41,1.1414730770871206
10,42,1.1446508056095543
10,43,1.1444596885692675
10,44,1.144595576514755
10,45,1.146362932643512
10,46,1.1444091578195466
10,47,1.1468983860575086
10,48,1.1443113965908625
10,49,1.1434816715887302
10,50,1.1448437958862088
10,51,1.146826106644542
10,52,1.14566566939826
10,53,1.1456099676876277
10,54,1.145194078646929
10,55,1.1440928732216495
10,56,1.1439285775037569
10,57,1.1454681835501523
10,58,1.1528690844155938
10,59,1.15086625770305
10,60,1.154414108997214
10,61,1.156956093272739
10,62,1.158467310903123
10,63,1.1579287773609908
10,64,1.1593287615693613
10,65,1.1626835738133554
10,66,1.1594309853219238
10,67,1.1612636835620531
10,68,1.1587932765751496
10,69,1.1580363921685708
10,70,1.1608149683400204
10,71,1.1595475333366057
10,72,1.1617851397567711
10,73,1.1635109452718744
10,74,1.1592118201223187
10,75,1.158325198785739
10,76,1.1591443230682568
10,77,1.1620343257875094
10,78,1.1633878165793197
10,79,1.1640118293096549
10,80,1.1621948496180263
11,0,1.1830413875022598
11,1,1.1797852040210786
11,2,1.1832330816818644
11,3,1.1804954855768224
11,4,1.179715880002848
11,5,1.182498822700235
11,6,1.1805878068727331
11,7,1.1800462491325436
11,8,1.182976012784557
11,9,1.183186184182318
11,10,1.1841586346291082
11,11,1.1817081015122528
11,12,1.1791021254566203
11,13,1.1828681940723125
11,14,1.1840247831741175
11,15,1.184537970862324
11,16,1.182487240295335
11,17,1.183283296548625
11,18,1.1834799711563873
11,19,1.184015625778327
11,20,1.1848914803185489
11,21,1.1847776910859795
11,22,1.1823473501338626
11,23,1.187075521232423
11,24,1.1846437799936798
11,25,1.1835469609839382
11,26,1.1846559274603992
11,27,1.18470116195995
11,28,1.1876763981214955
11,29,1.187837373172102
11,30,1.18593519621237
11,31,1.184147513071121
11,32,1.186087797584621
11,33,1.1861152861369744
11,34,1.1798232735093857
11,35,1.1844150985079425
11,36,1.1840071284709115
11,37,1.181338624789692
11,38,1.1682425722023142
11,39,1.1611925091565474
11,40,1.1563975365628616
11,41,1.1541259658836744
11,42,1.1569598195129327
11,43,1.156324439291544
11,44,1.1590904093575136
11,45,1.159489820144683
11,46,1.1605522233738068
11,47,1.1611612951954824
11,48,1.1605138066122145
11,49,1.1580804721285185
11,50,1.160290688055552
11,51,1.162877417235577
11,52,1.1617684696506947
11,53,1.1599609230086454
11,54,1.160851896607716
11,55,1.1597773649686096
11,56,1.163899065176648
11,57,1.1696685962769051
11,58,1.176509539435611
11,59,1.1783064531723753
11,60,1.1799403042218326
11,61,1.1819753894833591
11,62,1.1850768132804057
11,63,1.1850436855723951
11,64,1.1835840620310094
11,65,1.1851295819945673
11,66,1.1846559822901843
11,67,1.1825642631538862
11,68,1.1837448261779684
11,69,1.181974222046682
11,70,1.1822971208043325
11,71,1.183832220068847
11,72,1.1830791936689722
11,73,1.185190178632634
11,74,1.1843474739095363
11,75,1.1836983719531282
11,76,1.1837283126998128
11,77,1.184591601133017
11,78,1.1822348315508693
11,79,1.1823922952378978
11,80,1.1831731804376378
12,0,1.1766925993191737
12,1,1.1767345482670333
12,2,1.1800900499794795
12,3,1.1753868515275905
12,4,1.1793681143759052
12,5,1.1769295763697136
12,6,1.17828629885131
12,7,1.1819496652483017
12,8,1.1815123890232029
12,9,1.1764852552648069
12,10,1.175932155381399
12,11,1.1787675770654749
12,12,1.1770827966382496
12,13,1.178110254394482
12,14,1.1785214934521513
12,15,1.177784933653491
12,16,1.1805061165565536
12,17,1.1788120699184388
12,18,1.1804548691275636
12,19,1.1777012118196035
12,20,1.1801863355398254
12,21,1.1786323596883537
12,22,1.1823341147195183
12,23,1.183332868431157
12,24,1.1801613583733248
12,25,1.1804276767375657
12,26,1.1815886067540602
12,27,1.1799331258977617
12,28,1.1801884152932958
12,29,1.1811580194967135
12,30,1.1809703699994027
12,31,1.1822877496821074
12,32,1.1810393670622163
12,33,1.1821937406850445
12,34,1.1783114109073654
12,35,1.1851558424485156
12,36,1.1832665720707711
12,37,1.1811236917063137
12,38,1.1741527194868775
12,39,1.1710846493757607
12,40,1.163900501476674
12,41,1.1628200396000574
12,42,1.162633241780822
12,43,1.1614626411137314
12,44,1.1597057585602886
12,45,1.1586210722579309
12,46,1.1583113793508757
12,47,1.1585129758463952
12,48,1.156293919779811
12,49,1.1556603013013391
12,50,1.1538591700408731
12,51,1.1542722961975125
12,52,1.1515726704809774
12,53,1.1552486056982212
12,54,1.154128997915855
12,55,1.1512388519176675
12,56,1.1567020791068312
12,57,1.1600174612151637
12,58,1.1659583779081153
12,59,1.1659764752687984
12,60,1.1681369593226345
12,61,1.1754735872407571
12,62,1.170516638609458
12,63,1.1731616478430926
12,64,1.1713863738379298
12,65,1.1745631108914094
12,66,1.1707444567201588
12,67,1.1741150653575776
12,68,1.1749336419301235
12,69,1.1756162931967442
12,70,1.1742621521849812
12,71,1.1732966141918229
12,72,1.1788697440182248
12,73,1.1752379619452449
12,74,1.1783171399859296
12,75,1.1737728180093958
12,76,1.1794237539919157
12,77,1.180846079327059
12,78,1.1793092842203583
12,79,1.1797559496564638
12,80,1.178329319114876
13,0,1.176020719735357
13,1,1.1750818077416378
13,2,1.1806116248616711
13,3,1.1778989204795305
13,4,1.178280041877506
13,5,1.1767887951037224
13,6,1.174967140339542
13,7,1.1788300750801293
13,8,1.1801911508825431
13,9,1.1789595238104502
13,10,1.180462110633525
13,11,1.181429474655597
13,12,1.1736913004055232
13,13,1.177769589669367
13,14,1.1826018398176117
13,15,1.1789941815238731
13,16,1.1806689787509856
13,17,1.178129460587269
13,18,1.1798795370862043
13,19,1.1781696617239608
13,20,1.1835623979400554
13,21,1.1789959415273477
13,22,1.18271713801644
13,23,1.1804243913328778
13,24,1.1784111960512171
13,25,1.1770984914366904
13,26,1.1818750587474285
13,27,1.1871354436458543
13,28,1.1840253164334682
13,29,1.1836259608604185
13,30,1.1837538863186683
13,31,1.184200803091747
13,32,1.1830416801792616
13,33,1.1842822111077886
13,34,1.1801126601866194
13,35,1.1854673944871128
13,36,1.1792741547359753
13,37,1.1777890404509113
13,38,1.1754329677357296
13,39,1.1668602447544
13,40,1.1608928605533806
13,41,1.1623291219983771
13,42,1.1634578994005296
13,43,1.1607281140033054
13,44,1.1589039090390187
13,45,1.1617154407551449
13,46,1.16259431901682
13,47,1.162805761446805
13,48,1.1645607181174398
13,49,1.1599987727303145
13,50,1.1617194931194808
13,51,1.1584818918749509
13,52,1.1593113885682094
13,53,1.159028900146821
13,54,1.1591807871985869
13,55,1.1573649633242653
13,56,1.1592857150880578
13,57,1.162343275760091
13,58,1.1688546061552545
13,59,1.1686698836717624
13,60,1.1705644540015228
13,61,1.1748383594440743
13,62,1.174955943488015
13,63,1.1775209453533848
13,64,1.1747415714309124
13,65,1.1774995408866535
13,66,1.1760991339853877
13,67,1.1766609552141916
13,68,1.1769472589676515
13,69,1.1776378003772363
13,70,1.1790318154655508
13,71,1.178601602888156
13,72,1.1789682710526748
13,73,1.179990469425842
13,74,1.181761577573528
13,75,1.1780243440678253
13,76,1.176513120519823
13,77,1.180084162030149
13,78,1.1796109216564117
13,79,1.182770363484742
13,80,1.1806311448863152
14,0,1.2106493354101135
14,1,1.2091708666446226
14,2,1.2086005971415406
14,3,1.2035738072943196
14,4,1.207217781322547
14,5,1.2094120344468728
14,6,1.208296733134441
14,7,1.2067443103315698
14,8,1.209817624394907
14,9,1.2075085538286432
14,10,1.210927903807802
14,11,1.2089146777390762
14,12,1.2062689457596971
14,13,1.2117328819024653
14,14,1.2104514017461927
14,15,1.2084328140067235
14,16,1.211336495758001
14,17,1.2076195202647195
14,18,1.2112899893067544
14,19,1.208484267668088
14,20,1.2124100005138387
14,21,1.2119474550554117
14,22,1.215298640789217
14,23,1.2113087629203934
14,24,1.2119694081645818
14,25,1.2134890302146266
14,26,1.21359835106849
14,27,1.210312529013229
14,28,1.2136605852649778
14,29,1.2123330832450232
14,30,1.2154401490860138
14,31,1.212601445957419
14,32,1.2131498340721465
14,33,1.2105788494609175
14,34,1.20829315303433
14,35,1.2110205725772971
14,36,1.2125787552440546
14,37,1.2051337387152026
14,38,1.1960298251696115
14,39,1.1913463032254863
14,40,1.1819757948749905
14,41,1.1846938674194614
14,42,1.180810113322171
14,43,1.1819246051519905
14,44,1.1816235965688016
14,45,1.1816335137515324
14,46,1.179493050933413
14,47,1.1825822801043353
14,48,1.1837955078231497
14,49,1.1833798045758053
14,50,1.1791806718949882
14,51,1.178931168027861
14,52,1.1806800828288102
14,53,1.1818050922525791
14,54,1.1769839666483106
14,55,1.1799336599103043
14,56,1.1822544253025609
14,57,1.1907604268121954
14,58,1.1960657059725734
14,59,1.1965921923786589
14,60,1.203055486150304
14,61,1.202778830325635
14,62,1.2078883689943416
14,63,1.205279748128076
14,64,1.2061977978984542
14,65,1.20741835692179
14,66,1.207550469746124
14,67,1.2086721305018495
14,68,1.2124972706762602
14,69,1.206403802982771
14,70,1.210838949747467
14,71,1.2068211417836547
14,72,1.2058118716274644
14,73,1.208930072434407
14,74,1.2103907397919471
14,75,1.211193348066072
14,76,1.209183908022669
14,77,1.209648752024964
14,78,1.2108491961002217
14,79,1.2094115735657964
14,80,1.210375440542239
15,0,1.1748955707714908
15,1,1.1738155622880748
15,2,1.17400481393311
15,3,1.17377312262504
15,4,1.1769089697707142
15,5,1.1756730282496333
15,6,1.1764126706859257
15,7,1.1763517303000115
15,8,1.17787758886081
15,9,1.1730431455029564
15,10,1.1767895298437316
15,11,1.1790808829768864
15,12,1.1770417555663983
15,13,1.1764631326330164
15,14,1.1769512636439767
15,15,1.177148880121878
15,16,1.1769285697475511
15,17,1.1749284810205134
15,18,1.1772936477291605
15,19,1.177739653332889
15,20,1.1786218215358095
15,21,1.1795129624212757
15,22,1.177726072808617
15,23,1.1757866783907085
15,24,1.177865130663684
15,25,1.177010806632738
15,26,1.178165358944543
15,27,1.1768574615483582
15,28,1.177603880481614
15,29,1.1765960558488398
15,30,1.178667646875736
15,31,1.1783733531112677
15,32,1.1767873189327134
15,33,1.177061001851854
15,34,1.1781593798284684
15,35,1.1777519269450931
15,36,1.176549254116515
15,37,1.1759356456493284
15,38,1.1701610005903185
15,39,1.1631225410753288
15,40,1.161631520350799
15,41,1.155904402427142
15,42,1.1540437809575197
15,43,1.1522310177136463
15,44,1.1552643364732094
15,45,1.150633122476263
15,46,1.1540701719525193
15,47,1.152042811635412
15,48,1.1551182395138266
15,49,1.15372667722301
15,50,1.151827716799862
15,51,1.1534658144507377
15,52,1.1534761689209772
15,53,1.1525507031139106
15,54,1.154132670878229
15,55,1.151942135123453
15,56,1.1543593241374928
15,57,1.1643955949138336
15,58,1.169385948747205
15,59,1.173245476999926
15,60,1.172579435666255
15,61,1.1769378841042444
15,62,1.1793053832572038
15,63,1.1768508354575695
15,64,1.1782864933079935
15,65,1.178683247575983
15,66,1.1783203232348658
15,67,1.175710656468631
15,68,1.17758170230974
15,69,1.1783318937730385
15,70,1.1785349910385476
15,71,1.176219866590038
15,72,1.180060665171708
15,73,1.1787703137923753
15,74,1.1790220053750866
15,75,1.1768429897397965
15,76,1.177943997144276
15,77,1.1789766625361138
15,78,1.1805514321990271
15,79,1.178565859807721
15,80,1.1768739619959898
16,0,1.1396634694390606
16,1,1.13922643794203
16,2,1.1405015206166085
16,3,1.141304111344691
16,4,1.137148481944801
16,5,1.1370475385440724
16,6,1.1367719883190537
16,7,1.1381079948360622
16,8,1.1388864460299906
16,9,1.139850950099586
16,10,1.1414315408094993
16,11,1.1368622123607934
16,12,1.1389440783714757
16,13,1.1393318327772706
16,14,1.140306122803335
16,15,1.142188568551609
16,16,1.1400925504013686
16,17,1.138997803107109
16,18,1.138399763611068
16,19,1.1398961061840385
16,20,1.1411501919158555
16,21,1.139311383069275
16,22,1.1413779963513977
16,23,1.1402029823556568
16,24,1.141179976060142
16,25,1.1375028902650046
16,26,1.139623617500563
16,27,1.1398872614464546
16,28,1.140253713696097
16,29,1.145288172105353
16,30,1.1519052000740215
16,31,1.1452156472932558
16,32,1.145463312113246
16,33,1.1409912729948148
16,34,1.140605612460449
16,35,1.1398541252590255
16,36,1.139858523261281
16,37,1.1436691222621138
16,38,1.1429282211405596
16,39,1.1426032031520352
16,40,1.1426630970480414
16,41,1.1370158607489689
16,42,1.1356703989774573
16,43,1.1311523129601009
16,44,1.1318845843047656
16,45,1.1279578828463814
16,46,1.1292529220918122
16,47,1.130577205553853
16,48,1.1343135876791373
16,49,1.1297822996946687
16,50,1.131495388223073
16,51,1.129286297277697
16,52,1.1284527440508996
16,53,1.1323576822850394
16,54,1.1373212412153668
16,55,1.1391158359271878
16,56,1.1425626451499518
16,57,1.1427764444736526
16,58,1.1360250535479903
16,59,1.1447721430943707
16,60,1.1424881633762722
16,61,1.1427523409732143
16,62,1.1422134435401454
16,63,1.1436011777952284
16,64,1.14187855679436
16,65,1.1443503981287066
16,66,1.145242587352734
16,67,1.1435516896560265
16,68,1.1443746779268604
16,69,1.143233078538464
16,70,1.1452601073684685
16,71,1.140740530962593
16,72,1.1433338696275528
16,73,1.1453839636139491
16,74,1.1458101161330243
16,75,1.1449921727763404
16,76,1.1440192062296075
16,77,1.1460977195068631
16,78,1.1468705370239016
16,79,1.141185390628204
16,80,1.144423628056927
17,0,1.158904046402146
17,1,1.1549710721030677
17,2,1.1553014923199505
17,3,1.1560847221474135
17,4,1.15756116491662
17,5,1.1566272608457495
17,6,1.156290412789418
17,7,1.1578851233391865
17,8,1.1587805944382663
17,9,1.156955614789319
17,10,1.153047460606731
17,11,1.15459859220942
17,12,1.1574688189525026
17,13,1.1575929903421616
17,14,1.1539428858342935
17,15,1.155175305005611
17,16,1.1565003079449794
17,17,1.156394191337158
17,18,1.16007325707856
17,19,1.156580661987355
17,20,1.1585555688077969
17,21,1.1602695206324356
17,22,1.1568725274478258
17,23,1.1578895458520575
17,24,1.158994128648786
17,25,1.1591629999872533
17,26,1.1561826042144716
17,27,1.159241651984441
17,28,1.1591750824277458
17,29,1.1650983354883473
17,30,1.163926714141595
17,31,1.1616968863384396
17,32,1.160708961555614
17,33,1.1573661784236262
17,34,1.1617615670384962
17,35,1.1612391067992054
17,36,1.1617539640859151
17,37,1.1609697722948424
17,38,1.1644093944042186
17,39,1.1614019925455308
17,40,1.158152016110717
17,41,1.1510834490198536
17,42,1.151129433418877
17,43,1.147712148996419
17,44,1.149794579964303
17,45,1.1446391863588996
17,46,1.1445543010303183
17,47,1.1461552312932668
17,48,1.145209495489987
17,49,1.145770369216963
17,50,1.1448369435383638
17,51,1.140617538976982
17,52,1.1438976162624674
17,53,1.1469593459456833
17,54,1.1532691309915395
17,55,1.155477281457976
17,56,1.1563992001297276
17,57,1.158525943577657
17,58,1.1568813841311936
17,59,1.15731901848811
17,60,1.159627528673064
17,61,1.162263869611935
17,62,1.158526354342419
17,63,1.159320305782194
17,64,1.1584583309026573
17,65,1.1598671233587707
17,66,1.1598871719643593
17,67,1.1605908011831745
17,68,1.1623094196421646
17,69,1.1625354783167003
17,70,1.161385364948344
17,71,1.1650906775411125
17,72,1.1616627244509403
17,73,1.1628897482712008
17,74,1.164194543777293
17,75,1.16399249151174
17,76,1.1617411004824203
17,77,1.1614868297795693
17,78,1.1620987324633456
17,79,1.1581996965053256
17,80,1.1638938203181275
18,0,1.1627542395660166
18,1,1.161202820496143
18,2,1.1609306601649572
18,3,1.162109934677027
18,4,1.1606021151476036
18,5,1.1633007816067436
18,6,1.1627609753138133
18,7,1.159290603745735
18,8,1.1625050120269262
18,9,1.1618412375863147
18,10,1.160492036184216
18,11,1.1644688632460778
18,12,1.159156930532818
18,13,1.1608591082369653
18,14,1.1619500921072108
18,15,1.1610986831911658
18,16,1.161057592707678
18,17,1.16251584919632
18,18,1.1622882433458557
18,19,1.1659136952492692
18,20,1.1611197304081051
18,21,1.1604071225630754
18,22,1.163219166621196
18,23,1.1641254782678911
18,24,1.163378934376757
18,25,1.16201902149047
18,26,1.1642980073663156
18,27,1.1625197634677054
18,28,1.161805406395706
18,29,1.1700943734497782
18,30,1.170394325832067
18,31,1.1687193794286548
18,32,1.164505883454253
18,33,1.166313767332772
18,34,1.1634234492403828
18,35,1.1640366470967125
18,36,1.164827499832726
18,37,1.1696395242043789
18,38,1.165689668166829
18,39,1.1658230072506364
18,40,1.168104819005259
18,41,1.1617440820171063
18,42,1.1551689000191332
18,43,1.1547096587261978
18,44,1.1528727797362666
18,45,1.1510566716986874
18,46,1.152651122262332
18,47,1.154010002501528
18,48,1.1517998046213198
18,49,1.1522443473463626
18,50,1.1545942682275814
18,51,1.1508622600354543
18,52,1.14631099585371
18,53,1.151088695728244
18,54,1.1597425743048968
18,55,1.1590171421844118
18,56,1.1606645908626572
18,57,1.1615054683578605
18,58,1.1635765994454506
18,59,1.1650846704464224
18,60,1.1683198375739765
18,61,1.1645951932154202
18,62,1.1649332159952754
18,63,1.1681383623253352
18,64,1.1653740878297685
18,65,1.167195064263927
18,66,1.171430916183207
18,67,1.1681806045025709
18,68,1.1690830709600712
18,69,1.1682049596152968
18,70,1.1675885951973493
18,71,1.168558595516061
18,72,1.1692716525532003
18,73,1.170823047528285
18,74,1.1688069745631608
18,75,1.1704198054174175
18,76,1.165903552626319
18,77,1.1686342616478749
18,78,1.1695436421268184
18,79,1.1683885100141391
18,80,1.1688586777233867
19,0,1.1602625711274372
19,1,1.1573654129295785
19,2,1.1600608950696003
19,3,1.1605192921265048
19,4,1.1586826445929332
19,5,1.1598170245906363
19,6,1.15945651725435
19,7,1.162487793844693
19,8,1.1618284702608814
19,9,1.1608146002591035
19,10,1.161554848614916
19,11,1.1605267313654275
19,12,1.1604771554969069
19,13,1.1594519992722998
19,14,1.1604715537220842
19,15,1.1611001881390968
19,16,1.1608081926566551
19,17,1.160998724392522
19,18,1.1604595612152846
19,19,1.1582054609134995
19,20,1.1598548331741445
19,21,1.159701966621404
19,22,1.1612952310515516
19,23,1.1610874726135874
19,24,1.1625724888964413
19,25,1.1595420326965558
19,26,1.1619660921604649
19,27,1.157338988427817
19,28,1.160680682138147
19,29,1.168054873458377
19,30,1.1685422655262527
19,31,1.166593338362954
19,32,1.1601978723262136
19,33,1.1640709009943953
19,34,1.1634367511818264
19,35,1.1600250081888213
19,36,1.1637847454461328
19,37,1.1649886569188583
19,38,1.167500602282022
19,39,1.1608262709450987
19,40,1.159869149817309
19,41,1.1570230915926965
19,42,1.1533282696811382
19,43,1.1514243597987743
19,44,1.149335637692912
19,45,1.1479661620407533
19,46,1.149933796603139
19,47,1.1471109063503326
19,48,1.1492397477353165
19,49,1.147159100606551
19,50,1.1497828675843254
19,51,1.143220786058072
19,52,1.1435006539850865
19,53,1.1502293033399684
19,54,1.1568743603565306
19,55,1.1582330303470971
19,56,1.158727867864826
19,57,1.162665669901487
19,58,1.1614165935235543
19,59,1.1633523955166856
19,60,1.1636314045437288
19,61,1.1625008055618349
19,62,1.1633805963239487
19,63,1.1628807054965944
19,64,1.164132497294892
19,65,1.164987925513553
19,66,1.165054960382773
19,67,1.1649541391480156
19,68,1.1645252782194226
19,69,1.1650111436214907
19,70,1.1665746309424558
19,71,1.1653519061742272
19,72,1.1650507164857542
19,73,1.1669151828454931
19,74,1.1678313273486245
19,75,1.1676877486558563
19,76,1.1670295982878882
19,77,1.1661185731951875
19,78,1.1673887277566812
19,79,1.1652285401469151
19,80,1.1659423113421463
20,0,1.1591392407142895
20,1,1.157731295056086
20,2,1.158917383767133
20,3,1.1592496194722066
20,4,1.1563989305060798
20,5,1.156854369638144
20,6,1.1616204065549138
20,7,1.1564831271212304
20,8,1.1579853729291454
20,9,1.1569186637821678
20,10,1.1553465533064229
20,11,1.1546689966161074
20,12,1.159634126056323
20,13,1.1582025082936005
20,14,1.1545841431862818
20,15,1.1584188863180676
20,16,1.1565116865329057
20,17,1.1565401159333069
20,18,1.156853973165863
20,19,1.156985247764055
20,20,1.1589116456591124
20,21,1.157040820690338
20,22,1.1604518398837165
20,23,1.1580680363403395
20,24,1.158858828594509
20,25,1.1606827674485258
20,26,1.159404947091982
20,27,1.1585649581356825
20,28,1.1586448243182572
20,29,1.1577653420901468
20,30,1.1606589752440422
20,31,1.1634662671436036
20,32,1.1606504754987097
20,33,1.1613931609321924
20,34,1.1591826256705862
20,35,1.1621952013665342
20,36,1.1605661066899964
20,37,1.1599550356851511
20,38,1.165856685952683
20,39,1.1607238411409346
20,40,1.1587201105102556
20,41,1.155384310787501
20,42,1.151206717021669
20,43,1.1500200621363184
20,44,1.1453857091105346
20,45,1.143565792076645
20,46,1.1431455855466186
20,47,1.1427740322953976
20,48,1.1433309378795764
20,49,1.1413709125888736
20,50,1.1422716757172937
20,51,1.1418348799777325
20,52,1.1434594067710862
20,53,1.1490220334314003
20,54,1.152934336982154
20,55,1.1578799965535562
20,56,1.1570331002486671
20,57,1.161932654992317
20,58,1.163438334775679
20,59,1.16318482102843
20,60,1.1610492129771015
20,61,1.1575402621122264
20,62,1.159017245245288
20,63,1.158785792917049
20,64,1.16246924847389
20,65,1.1627508762511616
20,66,1.1614621792856128
20,67,1.1596416451538152
20,68,1.161429891943737
20,69,1.1596789444642115
20,70,1.1602704364716192
20,71,1.1638334804403876
20,72,1.159324292805765
20,73,1.1614262564221858
20,74,1.1631691721579531
20,75,1.165205713976536
20,76,1.1623093956916006
20,77,1.1609312569349035
20,78,1.1587328679940467
20,79,1.1595627783227338
20,80,1.161179291649055
21,0,1.1458238066502056
21,1,1.1448734813072878
21,2,1.146828544400735
21,3,1.1457268995892835
21,4,1.1495342864313027
21,5,1.148484115906412
21,6,1.1487266119226158
21,7,1.1483971769587942
21,8,1.1488264194817897
21,9,1.1476784421079835
21,10,1.147033463222502
21,11,1.1478036030642325
21,12,1.1505660768531387
21,13,1.1480928027938135
21,14,1.1471490630627377
21,15,1.1455729062889883
21,16,1.1512005251423905
21,17,1.1474222113374763
21,18,1.1514070480911258
21,19,1.1488883403193977
21,20,1.1492415484258085
21,21,1.14985904765618
21,22,1.149213114843549
21,23,1.1520889832732597
21,24,1.1504921831466246
21,25,1.1492677568922725
21,26,1.1513477315698302
21,27,1.1532955496472472
21,28,1.1488526921182738
21,29,1.1541213222888465
21,30,1.1557551039273946
21,31,1.156502776540247
21,32,1.1507962797419404
21,33,1.1479586496832508
21,34,1.1523837436720326
21,35,1.1520538373246243
21,36,1.1525051961710775
21,37,1.150535882310921
21,38,1.1549810679265031
21,39,1.151810846985701
21,40,1.1471691889306677
21,41,1.145504806705122
21,42,1.141763916366928
21,43,1.140740549222922
21,44,1.1381467904777762
21,45,1.1340619659551536
21,46,1.1378150161715443
21,47,1.1357539995533206
21,48,1.1366023205639466
21,49,1.1369041263052115
21,50,1.139098219408327
21,51,1.1359583954812666
21,52,1.1338188177345323
21,53,1.1397136801111225
21,54,1.14692437059536
21,55,1.1484851914873124
21,56,1.1484406219383847
21,57,1.1496351027202003
21,58,1.1523789168775398
21,59,1.150111294541763
21,60,1.154681467596577
21,61,1.1544395365690032
21,62,1.1526478948390426
21,63,1.1530338577161887
21,64,1.1513251000239084
21,65,1.1559834468123014
21,66,1.1509067462685865
21,67,1.1536185715778229
21,68,1.153503551514119
21,69,1.1535038625845693
21,70,1.1505622782962497
21,71,1.1523710142502686
21,72,1.152035443905246
21,73,1.154793490184816
21,74,1.152977273263026
21,75,1.1575448822961152
21,76,1.1530901168732048
21,77,1.1548217598696762
21,78,1.1552898907738256
21,79,1.1568840387196302
21,80,1.1551959738299662
22,0,1.1542337723466969
22,1,1.1529024791785245
22,2,1.1533595363342304
22,3,1.1504363001539104
22,4,1.152972584342283
22,5,1.1543485164522804
22,6,1.1555057636272974
22,7,1.1548856249077415
22,8,1.1539635637541088
22,9,1.1552405664270928
22,10,1.1543869049052404
22,11,1.153831767669565
22,12,1.15466632779199
22,13,1.1542694503448685
22,14,1.150610859331633
22,15,1.1524596036782837
22,16,1.1543333856421176
22,17,1.155049667115424
22,18,1.152309893069478
22,19,1.1525573218440348
22,20,1.1566780634202272
22,21,1.155221856569831
22,22,1.1528935958573523
22,23,1.1536171738036145
22,24,1.1560872858491955
22,25,1.15447769136527
22,26,1.1560931721831964
22,27,1.156757769436217
22,28,1.1529612492343564
22,29,1.1608066709916074
22,30,1.162023788055515
22,31,1.1589386260843104
22,32,1.155670422037691
22,33,1.1572295156760886
22,34,1.1579112968201406
22,35,1.1577385422847508
22,36,1.1564450410269589
22,37,1.1597165607291486
22,38,1.1585741341276734
22,39,1.1599651767935104
22,40,1.1540756021424512
22,41,1.1500580157914564
22,42,1.1475021826209064
22,43,1.145192985997655
22,44,1.1427335513108452
22,45,1.1433763804788513
22,46,1.143532290646999
22,47,1.1403593052783014
22,48,1.1426603830132929
22,49,1.1437101694179528
22,50,1.144645823119685
22,51,1.1403231974858905
22,52,1.142363647320032
22,53,1.1438922795775566
22,54,1.1496668278050457
22,55,1.1531540162083818
22,56,1.1546207840705986
22,57,1.1552044929390797
22,58,1.1548087872446655
22,59,1.158273220864436
22,60,1.155961653683945
22,61,1.155784692698319
22,62,1.1555354188520712
22,63,1.1569393884394696
22,64,1.1580830115230167
22,65,1.161672670598406
22,66,1.160055323046856
22,67,1.1571719830505076
22,68,1.1600000681601794
22,69,1.157815888720907
22,70,1.1613578107370417
22,71,1.1605705448023171
22,72,1.1576757314881212
22,73,1.1608979669684147
22,74,1.1644618133383826
22,75,1.1622752951414017
22,76,1.1602793167560597
22,77,1.161084241358724
22,78,1.163159132379034
22,79,1.1616944002498852
22,80,1.1574978920726935
23,0,1.1410054181106646
23,1,1.140244557703479
23,2,1.140212162089551
23,3,1.1422052246734562
23,4,1.1397778256223414
23,5,1.1412933734571546
23,6,1.1409872215933188
23,7,1.1421018188332062
23,8,1.1422517939334706
23,9,1.1408699312016517
23,10,1.1422784324787405
23,11,1.140307123423738
23,12,1.1416671931568625
23,13,1.1411837680239854
23,14,1.1413792715258668
23,15,1.143210303114403
23,16,1.1439571303780376
23,17,1.1436808146839668
23,18,1.145149737943611
23,19,1.1423196173635526
23,20,1.144095274658513
23,21,1.1429026043494157
23,22,1.1459323959333352
23,23,1.1435498214162043
23,24,1.142148486312388
23,25,1.1432579698718148
23,26,1.1438351944197234
23,27,1.143995033454804
23,28,1.1440480300042086
23,29,1.1467550669177164
23,30,1.1505685366913352
23,31,1.1467075688359178
23,32,1.1486614013836127
23,33,1.1451159896901424
23,34,1.1471515500036726
23,35,1.146070473130833
23,36,1.1478744055812486
23,37,1.1489869518043927
23,38,1.146213637063894
23,39,1.1443050380440265
23,40,1.1417911028731735
23,41,1.1401020603440897
23,42,1.133549376490924
23,43,1.1317435188926033
23,44,1.1304799663281186
23,45,1.1333534925760562
23,46,1.1304317179171142
23,47,1.1308351829036785
23,48,1.1294110878860568
23,49,1.130416288212157
23,50,1.1334824715058738
23,51,1.1302439363914163
23,52,1.1321138843971312
23,53,1.1330423892371475
23,54,1.1400798543522497
23,55,1.1420253310663029
23,56,1.1405899869207905
23,57,1.1412276156032466
23,58,1.1431238970629851
23,59,1.1433757568477154
23,60,1.1462866014867243
23,61,1.1443612991133034
23,62,1.144113086399969
23,63,1.1435786905697791
23,64,1.143955576235159
23,65,1.1448371547173894
23,66,1.145320009893544
23,67,1.1467566949896284
23,68,1.1461375003928058
23,69,1.1471863853419646
23,70,1.1487351874723533
23,71,1.1491061947497805
23,72,1.1491817262172002
23,73,1.1466955342466665
23,74,1.150942535396021
23,75,1.1521548952247471
23,76,1.1478902517517473
23,77,1.147222589747718
23,78,1.1474247552929604
23,79,1.1499171665466057
23,80,1.1476299664304666
24,0,1.1525080026098895
24,1,1.156159291077164
24,2,1.1557860375972384
24,3,1.156126262294081
24,4,1.1538314349901388
24,5,1.1579200841136488
24,6,1.1598581707165738
24,7,1.158894972755768
24,8,1.1574617366069897
24,9,1.1581858827898694
24,10,1.1600255463121458
24,11,1.1544631655339883
24,12,1.1539079245872057
24,13,1.1585694555495385
24,14,1.158911293694287
24,15,1.155303148950252
24,16,1.155928085489251
24,17,1.1578058315000477
24,18,1.1592251391212671
24,19,1.1560713531904672
24,20,1.159645806531015
24,21,1.160766663235278
24,22,1.1618558310493017
24,23,1.1615112734311632
24,24,1.1578999208058602
24,25,1.156290150798165
24,26,1.161248319467784
24,27,1.1583558712911923
24,28,1.1599002757346777
24,29,1.1662512781863186
24,30,1.164688522043864
24,31,1.1617444461982431
24,32,1.1612960536068189
24,33,1.1594689213486993
24,34,1.1591953312009484
24,35,1.1626640239743515
24,36,1.158642908790308
24,37,1.1650530087854565
24,38,1.164644291454498
24,39,1.1596429591791506
24,40,1.15675085069868
24,41,1.1468020832127248
24,42,1.1421479388544942
24,43,1.1453583286578015
24,44,1.1423481878104382
24,45,1.144560106179222
24,46,1.144650040722353
24,47,1.1421804217891556
24,48,1.1433908595104652
24,49,1.1411165853406275
24,50,1.1477331197508915
24,51,1.1431266202344366
24,52,1.1418418736351876
24,53,1.146313499022543
24,54,1.1531110560524576
24,55,1.1513839778533923
24,56,1.1528540676127657
24,57,1.1560949404099865
24,58,1.1534501803180814
24,59,1.1579239342822272
24,60,1.1620839227386204
24,61,1.1610699714991326
24,62,1.1610359407238304
24,63,1.1586475065845951
24,64,1.1600646589876225
24,65,1.1610547060830332
24,66,1.1643588295034488
24,67,1.1590942737237615
24,68,1.16198584920567
24,69,1.1617120131900591
24,70,1.16022078269297
24,71,1.1620590065597338
24,72,1.157403179502706
24,73,1.1619908584094525
24,74,1.1614573970370938
24,75,1.1613017088758797
24,76,1.16195151596581
24,77,1.1600251213432788
24,78,1.1618892271981125
24,79,1.16081418688464
24,80,1.1607644087403428
25,0,1.1716504156700829
25,1,1.1743638067247693
25,2,1.1756413652581164
25,3,1.1727662184589682
25,4,1.175131095837028
25,5,1.1735660664585927
25,6,1.1717080868716985
25,7,1.1708903892868583
25,8,1.1734565757723558
25,9,1.1738438396841502
25,10,1.1722608523317215
25,11,1.1736405851595275
25,12,1.175516296719774
25,13,1.1710725976596188
25,14,1.1731834364723857
25,15,1.1736056190523978
25,16,1.1738909835592404
25,17,1.1730440255480137
25,18,1.1728593874554474
25,19,1.175545415651586
25,20,1.174017715357776
25,21,1.173066456927673
25,22,1.176731003399042
25,23,1.1749161477350494
25,24,1.1780004162466706
25,25,1.173602385029813
25,26,1.173210694081255
25,27,1.175078976037213
25,28,1.1756273889963966
25,29,1.1804345839928123
25,30,1.1783931289442469
25,31,1.179509778234295
25,32,1.1800498955984924
25,33,1.1759983873524151
25,34,1.1760915004449997
25,35,1.1777493106673278
25,36,1.1764794547013135
25,37,1.1775137479993218
25,38,1.1743625683088428
25,39,1.174432909870719
25,40,1.172721452375391
25,41,1.1649088185550802
25,42,1.1618226067485289
25,43,1.1592112749880592
25,44,1.1578757433156794
25,45,1.1550106478340862
25,46,1.1548853778637058
25,47,1.1516599488132766
25,48,1.1552051650976054
25,49,1.1566690616547433
25,50,1.159074395889451
25,51,1.1539195709802663
25,52,1.1517726449458707
25,53,1.1616205735842269
25,54,1.1648880300175006
25,55,1.1676960140755008
25,56,1.1726978814945503
25,57,1.1753406225721112
25,58,1.16965064128087
25,59,1.1721889570611046
25,60,1.174881414855379
25,61,1.1725401954771608
25,62,1.171384360278006
25,63,1.1758325191961712
25,64,1.1725734082109955
25,65,1.1740364548263298
25,66,1.1757015625166505
25,67,1.1770788136480506
25,68,1.1766816272677556
25,69,1.171613208985844
25,70,1.1773058162356098
25,71,1.175720857922619
25,72,1.1729650086811378
25,73,1.1746372516550423
25,74,1.1753722139981833
25,75,1.1738438210709792
25,76,1.1749534465332503
25,77,1.1768662549916866
25,78,1.1751712239223933
25,79,1.1772066807546906
25,80,1.1747149593578874
26,0,1.1111426772963096
26,1,1.106610679983118
26,2,1.1086129541911611
26,3,1.108739694383486
26,4,1.1122768370632348
26,5,1.1080266774689858
26,6,1.1104344519230944
26,7,1.1124480062610684
26,8,1.1107118250368335
26,9,1.1114785927815265
26,10,1.107472508020764
26,11,1.1121960517304064
26,12,1.1101269755887415
26,13,1.112940758043588
26,14,1.113873797427583
26,15,1.114641074011559
26,16,1.1108336198384008
26,17,1.1119149830368726
26,18,1.1123930728939824
26,19,1.1150770998013635
26,20,1.112373732132814
26,21,1.1128902658399609
26,22,1.1138818940386486
26,23,1.1126487981303053
26,24,1.1136495936837554
26,25,1.1136778789846835
26,26,1.1164443126296486
26,27,1.107127105055166
26,28,1.1098649432142782
26,29,1.1102971530795145
26,30,1.113040548615438
26,31,1.1126257876136103
26,32,1.1114768963894308
26,33,1.110637972525565
26,34,1.111497482675253
26,35,1.112236658708184
26,36,1.1116014639326364
26,37,1.1149670594675076
26,38,1.1116628846164986
26,39,1.108978609128178
26,40,1.1112527761730802
26,41,1.1110894285923063
26,42,1.1102254407709191
26,43,1.1067653909777158
26,44,1.102468801688749
26,45,1.100821835248538
26,46,1.1026823349330137
26,47,1.102385098208433
26,48,1.1042801067457977
26,49,1.1069255245825804
26,50,1.1038897865767607
26,51,1.103413015261373
26,52,1.1017930540839795
26,53,1.1053737859068
26,54,1.1128253869652716
26,55,1.1100747648357367
26,56,1.110179970452723
26,57,1.118720635228757
26,58,1.1161311723582288
26,59,1.1161435008395149
26,60,1.114499436791497
26,61,1.1155677909253552
26,62,1.1122575924053462
26,63,1.1147227236029351
26,64,1.1152007949494471
26,65,1.113738386924774
26,66,1.117132157272828
26,67,1.1153544620547324
26,68,1.1144131936089663
26,69,1.1153362421916015
26,70,1.1123360082047271
26,71,1.1150989457081006
26,72,1.1128587566065706
26,73,1.1150931635811372
26,74,1.1150291100310874
26,75,1.115637136126112
26,76,1.1158346570596012
26,77,1.1158834028414102
26,78,1.1166713086530475
26,79,1.1171828764304976
26,80,1.1125452661923785
27,0,1.1439037783064891
27,1,1.144578225924472
27,2,1.1444000956253282
27,3,1.1436075954605245
27,4,1.1390640102909384
27,5,1.1432991064260989
27,6,1.141671813048852
27,7,1.1430249733109217
27,8,1.1416743316533429
27,9,1.142290701421477
27,10,1.144285507966925
27,11,1.1453486479695545
27,12,1.1416618958301463
27,13,1.1426117236990945
27,14,1.1449732314570276
27,15,1.144067307470909
27,16,1.1422077175269985
27,17,1.1449885605553525
27,18,1.1461692880004788
27,19,1.1473015403854652
27,20,1.1465593029854573
27,21,1.1476072294893966
27,22,1.144258766737116
27,23,1.1428973979953634
27,24,1.1451759042931215
27,25,1.1481536461267254
27,26,1.1445671858659106
27,27,1.145384102131184
27,28,1.1446181668867326
27,29,1.1425551805825125
27,30,1.145939575461433
27,31,1.1454920983258252
27,32,1.145510722761352
27,33,1.1430716936715408
27,34,1.1437743452865483
27,35,1.1429800161647443
27,36,1.144721317768428
27,37,1.1473623359353649
27,38,1.148888543294747
27,39,1.1400367366819169
27,40,1.1404570902359217
27,41,1.1354707492031504
27,42,1.1340183067980998
27,43,1.1328668159028144
27,44,1.129333424191722
27,45,1.128371096430144
27,46,1.1261938868139916
27,47,1.1284038604041142
27,48,1.123584660682046
27,49,1.1327699141879517
27,50,1.1280128844706474
27,51,1.123933974433662
27,52,1.128024889104214
27,53,1.1352195991089638
27,54,1.1400143621000898
27,55,1.146781399891068
27,56,1.1448141634457951
27,57,1.1422602689797332
27,58,1.146149167194182
27,59,1.1483663866822025
27,60,1.1472809798353367
27,61,1.147169447579948
27,62,1.1464556632223517
27,63,1.1436038569505775
27,64,1.1479647686939447
27,65,1.149273739693719
27,66,1.1469586266833438
27,67,1.1451997505525262
27,68,1.149287232821887
27,69,1.1468399052614846
27,70,1.1464327186764574
27,71,1.145420393628761
27,72,1.1467742022072709
27,73,1.1449968107404964
27,74,1.1481342519172877
27,75,1.1454303531562606
27,76,1.147312821793505
27,77,1.1484415349099282
27,78,1.1471544797196684
27,79,1.147224063590211
27,80,1.1470039627124946
28,0,
28,1,
28,2,
28,3,
28,4,
28,5,
28,6,
28,7,
28,8,
28,9,
28,10,
28,11,
28,12,
28,13,
28,14,
28,15,
28,16,
28,17,
28,18,
28,19,
28,20,
28,21,
28,22,
28,23,
28,24,
28,25,
28,26,
28,27,
28,28,
28,29,
28,30,
28,31,
28,32,
28,33,
28,34,
28,35,
28,36,
28,37,
28,38,
28,39,
28,40,
28,41,
28,42,
28,43,
28,44,
28,45,
28,46,
28,47,
28,48,
28,49,
28,50,
28,51,
28,52,
28,53,
28,54,
28,55,
28,56,
28,57,
28,58,
28,59,
28,60,
28,61,
28,62,
28,63,
28,64,
28,65,
28,66,
28,67,
28,68,
28,69,
28,70,
28,71,
28,72,
28,73,
28,74,
28,75,
28,76,
28,77,
28,78,
28,79,
28,80,
29,0,1.1451104967291392
29,1,1.1441187188439432
29,2,1.1487696819478537
29,3,1.1489940131940728
29,4,1.1478631316036396
29,5,1.148544833706593
29,6,1.146658177265484
29,7,1.1444273455022385
29,8,1.1502777883051671
29,9,1.1494022169275806
29,10,1.1486034975550503
29,11,1.1494605172270151
29,12,1.1508802201545767
29,13,1.1459524796381544
29,14,1.1472798763895835
29,15,1.1482546724482354
29,16,1.1471215648792914
29,17,1.1512844523641614
29,18,1.144642540229765
29,19,1.147641157292948
29,20,1.1463904845581556
29,21,1.150352772547247
29,22,1.1499305235646025
29,23,1.145061978173935
29,24,1.1445217118077295
29,25,1.1478315463732292
29,26,1.1474735516514103
29,27,1.147357917289611
29,28,1.1470496749426051
29,29,1.15390607923954
29,30,1.1582275696893631
29,31,1.152016107595824
29,32,1.1505828147179624
29,33,1.1440981071128329
29,34,1.150307010645245
29,35,1.151082699402275
29,36,1.1463665588234908
29,37,1.151804046030814
29,38,1.1546086401493851
29,39,1.1538336929986086
29,40,1.1505301595248518
29,41,1.1423496872834236
29,42,1.1411652377201462
29,43,1.136946475538006
29,44,1.1394948863255454
29,45,1.134842902493044
29,46,1.1374131365756577
29,47,1.134499459067194
29,48,1.1374691231605587
29,49,1.1358501337749176
29,50,1.1412549811897017
29,51,1.1397664406364112
29,52,1.1343676550778818
29,53,1.1403745114603423
29,54,1.1411859919855891
29,55,1.143389203442759
29,56,1.1481300530173195
29,57,1.1458617198932513
29,58,1.142669072997681
29,59,1.1486558068393244
29,60,1.1479923774836127
29,61,1.1465016636456289
29,62,1.1501217989910006
29,63,1.1491341808941022
29,64,1.1504325278141465
29,65,1.1488060615552558
29,66,1.150536997783023
29,67,1.148955612416682
29,68,1.149896327083721
29,69,1.147736337377906
29,70,1.1480660398438027
29,71,1.150344960146644
29,72,1.148134979066903
29,73,1.153092651962682
29,74,1.1528247363447712
29,75,1.148045221934245
29,76,1.1483967147975396
29,77,1.1512937426854912
29,78,1.1498532138444764
29,79,1.1466396258292888
29,80,1.1494568926510422
30,0,1.1819418405276674
30,1,1.1788251907517904
30,2,1.181398689684054
30,3,1.1805276974617496
30,4,1.1816026701564426
30,5,1.1818069880111046
30,6,1.1802417248933283
30,7,1.185233874617896
30,8,1.1829501480881923
30,9,1.184821703134301
30,10,1.1788640839580249
30,11,1.1836793932065095
30,12,1.1824029876594502
30,13,1.1808356438453576
30,14,1.1820682814658978
30,15,1.1851251765983088
30,16,1.1835182604236056
30,17,1.181760752063192
30,18,1.184168003080596
30,19,1.1841301658287002
30,20,1.1842463332529942
30,21,1.1873313294613348
30,22,1.185132186042258
30,23,1.185177341801842
30,24,1.184776205221754
30,25,1.1810464928691289
30,26,1.1865528398320375
30,27,1.1852695740821877
30,28,1.1881412910511038
30,29,1.1892661458738594
30,30,1.1895694571508244
30,31,1.1899219620134398
30,32,1.1871962175068782
30,33,1.1868125232189723
30,34,1.1886705789895176
30,35,1.187405842765091
30,36,1.189554998046518
30,37,1.1877692725292286
30,38,1.1857150382448385
30,39,1.185670747285218
30,40,1.1799424979152229
30,41,1.1785571199723104
30,42,1.171501012755572
30,43,1.1666481332590402
30,44,1.1685560426786896
30,45,1.1649935173390211
30,46,1.165787370022144
30,47,1.1610844996916423
30,48,1.1681344585859308
30,49,1.1658636023836686
30,50,1.1673371734292262
30,51,1.1636390124711935
30,52,1.1672738280323078
30,53,1.167626557103738
30,54,1.1753322838572673
30,55,1.1761610382180214
30,56,1.1827094985637725
30,57,1.185335822313307
30,58,1.1845102718473854
30,59,1.19065178201948
30,60,1.18602692000752
30,61,1.1875994615608738
30,62,1.1934760235449824
30,63,1.1934220770796156
30,64,1.189827337340234
30,65,1.19125832444183
30,66,1.1904607537726943
30,67,1.1932254165560137
30,68,1.1916382222311148
30,69,1.1912627853027795
30,70,1.188913051141217
30,71,1.1891823425296824
30,72,1.191180904893929
30,73,1.1933542265812551
30,74,1.1882742129252364
30,75,1.191342722893767
30,76,1.1914633534894463
30,77,1.1863242672981875
30,78,1.18740426111379
30,79,1.1896854190506738
30,80,1.1880820803585397
31,0,1.177063194140679
31,1,1.17704574904155
31,2,1.1749855609433055
31,3,1.17515049019255
31,4,1.1749684911263043
31,5,1.1726826528621257
31,6,1.1715375459704371
31,7,1.17421429867349
31,8,1.1756424121606937
31,9,1.175922736866
31,10,1.1766206858108876
31,11,1.1749868651111512
31,12,1.1727960464531386
31,13,1.1752219834486928
31,14,1.1760106940757429
31,15,1.174890014330913
31,16,1.1764876090885328
31,17,1.175166379097627
31,18,1.1719181286512494
31,19,1.1730892568139055
31,20,1.175739497630205
31,21,1.172311721011199
31,22,1.172968776958883
31,23,1.1766257932788045
31,24,1.1742242945379746
31,25,1.174235346981992
31,26,1.1720382758797752
31,27,1.1711194927945927
31,28,1.175126548860655
31,29,1.1691069076492688
31,30,1.1760221981496397
31,31,1.174603249756856
31,32,1.1775803031458398
31,33,1.1747563090188584
31,34,1.1745660338385313
31,35,1.1739415776240143
31,36,1.1740458015371784
31,37,1.1661569966856495
31,38,1.1685891386050906
31,39,1.1638673519609115
31,40,1.159724633851667
31,41,1.1613215961677468
31,42,1.1543255461452309
31,43,1.1566980113586078
31,44,1.152416578898867
31,45,1.1567402442504833
31,46,1.150590570736206
31,47,1.1526918119942384
31,48,1.1480626420441762
31,49,1.1499781989535571
31,50,1.1490907014517402
31,51,1.1516698385087425
31,52,1.1500454736847987
31,53,1.1488337448452703
31,54,1.1490557212086436
31,55,1.156096789392728
31,56,1.1580549011319847
31,57,1.1663268751503364
31,58,1.1688895169550095
31,59,1.1671990460788635
31,60,1.1699103939989337
31,61,1.1688272871723089
31,62,1.1717162881764418
31,63,1.1699412696012492
31,64,1.1716789337432627
31,65,1.1721065206941124
31,66,1.1744569302804269
31,67,1.1738403643541824
31,68,1.1718120646400323
31,69,1.1742550543295174
31,70,1.171676929726234
31,71,1.1718109512146313
31,72,1.1732142880953522
31,73,1.173084570856505
31,74,1.17219479230027
31,75,1.16781195374934
31,76,1.1715822032462722
31,77,1.170411192568958
31,78,1.1714880792221418
31,79,1.1733199041722355
31,80,1.1719920041718206
32,0,1.1503682355294962
32,1,1.1513400912986318
32,2,1.1488517175291677
32,3,1.1481678741320125
32,4,1.1508276388906968
32,5,1.1514036328529913
32,6,1.1501121755934034
32,7,1.1499334287500418
32,8,1.14763279651981
32,9,1.1489510300763597
32,10,1.150475634457079
32,11,1.151547675586235
32,12,1.1497176589398057
32,13,1.1496457329397922
32,14,1.1498229497245818
32,15,1.1502529480404384
32,16,1.1493421076930643
32,17,1.1495459235549736
32,18,1.1459013334974273
32,19,1.1454167646312834
32,20,1.1452406049544166
32,21,1.1485568588809791
32,22,1.150326572377571
32,23,1.1506211940892557
32,24,1.1501886942853063
32,25,1.149801558530177
32,26,1.147465283137859
32,27,1.1460210668360988
32,28,1.1494725116096078
32,29,1.143112540971816
32,30,1.1456045615368835
32,31,1.1497036188912368
32,32,1.147547743194257
32,33,1.1484972440490937
32,34,1.146814276626035
32,35,1.1502435294136517
32,36,1.1494879467651964
32,37,1.1440426994924575
32,38,1.1395844215096356
32,39,1.1336798395376415
32,40,1.1357563750080044
32,41,1.1327305007210131
32,42,1.1316879842525698
32,43,1.134646283217644
32,44,1.1309539331505332
32,45,1.1313335009229553
32,46,1.1296510166313234
32,47,1.1303904581719817
32,48,1.1269856614600855
32,49,1.1282416233878156
32,50,1.1276238735269888
32,51,1.129288669657357
32,52,1.127063386811896
32,53,1.1266431207609755
32,54,1.1296441409573
32,55,1.123661180523834
32,56,1.1313796439103458
32,57,1.1341584210575548
32,58,1.1395222365036666
32,59,1.1387328805770922
32,60,1.1393773503977755
32,61,1.1436609069855337
32,62,1.1394129874137275
32,63,1.141527961923961
32,64,1.1429468264817495
32,65,1.1407627706717811
32,66,1.1405420534742947
32,67,1.1408110054804823
32,68,1.1431536074502715
32,69,1.1398081368320028
32,70,1.142390281314286
32,71,1.1418881394478595
32,72,1.1416450512099858
32,73,1.1409463020099917
32,74,1.1435940162252376
32,75,1.139852045299213
32,76,1.1406055907836858
32,77,1.1398948316621762
32,78,1.1426588205595651
32,79,1.1424638600894057
32,80,1.140465171948231
33,0,1.17030913245695
33,1,1.1700630970163146
33,2,1.1713363832293506
33,3,1.1696400764696662
33,4,1.1675635882518207
33,5,1.1686354635338556
33,6,1.1709982020547969
33,7,1.1706793529698296
33,8,1.1690197353474696
33,9,1.1735259471349888
33,10,1.1673287870251263
33,11,1.1688076325759529
33,12,1.1667660932784885
33,13,1.167166231229919
33,14,1.1660199054208924
33,15,1.1659443168708377
33,16,1.1692334961504105
33,17,1.1694147423531782
33,18,1.165444115916217
33,19,1.16857047308012
33,20,1.1705998314338188
33,21,1.1678650483475344
33,22,1.1704843156474145
33,23,1.169206715955889
33,24,1.1694847263201789
33,25,1.1693390281300038
33,26,1.168560520285101
33,27,1.1707401915746862
33,28,1.1667738420657634
33,29,1.1631666930127702
33,30,1.1677791320560666
33,31,1.1721161881727813
33,32,1.1685239321438952
33,33,1.1727195639020986
33,34,1.1671384841095822
33,35,1.1724871162339
33,36,1.172403166165071
33,37,1.1652015359242334
33,38,1.1575356991365071
33,39,1.1541789643808609
33,40,1.152704431234495
33,41,1.149427072817509
33,42,1.1522311724470968
33,43,1.1521286487351423
33,44,1.1501377533791697
33,45,1.1519483093328085
33,46,1.1475995458183827
33,47,1.1482502096947391
33,48,1.1473662255774115
33,49,1.1520500543476746
33,50,1.149607860590213
33,51,1.1490162202180734
33,52,1.147820005069687
33,53,1.1481002746299105
33,54,1.1481657378013503
33,55,1.1506481413841416
33,56,1.150421875764824
33,57,1.1573067762857958
33,58,1.1633890811015448
33,59,1.1622071911034808
33,60,1.1617689670486773
33,61,1.1630495695221978
33,62,1.1644468989763688
33,63,1.1656603329702984
33,64,1.162666184527369
33,65,1.1654413651406046
33,66,1.1641423232527168
33,67,1.167637443977624
33,68,1.1687250335035593
33,69,1.1645993396671228
33,70,1.165417177760905
33,71,1.1648562117275378
33,72,1.1645999855522506
33,73,1.1649479352477463
33,74,1.1689086185264337
33,75,1.168369910005159
33,76,1.167494400793189
33,77,1.166115475532718
33,78,1.1674269485954056
33,79,1.1662511113216971
33,80,1.1671812759326432
34,0,1.1701716068550894
34,1,1.1715885622319764
34,2,1.1725845397055643
34,3,1.1718924182002144
34,4,1.169576048710917
34,5,1.1672878349478146
34,6,1.1673884363297808
34,7,1.167907614068683
34,8,1.1662632784557756
34,9,1.1691273336241004
34,10,1.1695816684089622
34,11,1.1691741980770105
34,12,1.16474753703119
34,13,1.167385241311485
34,14,1.1641339107515944
34,15,1.1679824867270967
34,16,1.1720199731203047
34,17,1.1685672231219664
34,18,1.167111491565815
34,19,1.1669546301548477
34,20,1.16975703504894
34,21,1.1691006452396182
34,22,1.1701349939716037
34,23,1.1677141440763197
34,24,1.1696920910001685
34,25,1.1673520567681368
34,26,1.1670738801327551
34,27,1.165914393543685
34,28,1.1682616407936737
34,29,1.1661091460813604
34,30,1.1658154772361058
34,31,1.1687004197780535
34,32,1.1683178675071122
34,33,1.1663434609776266
34,34,1.1663942666302327
34,35,1.1682627684430085
34,36,1.1751848596331185
34,37,1.163981169039432
34,38,1.1580518819656107
34,39,1.1564634161434104
34,40,1.1520023029291304
34,41,1.1516971579965372
34,42,1.150140941879465
34,43,1.1488529792621005
34,44,1.1482904030287866
34,45,1.1500787967789994
34,46,1.1507317648448752
34,47,1.1506246285892758
34,48,1.153556625216008
34,49,1.1488901657783488
34,50,1.1468751083711286
34,51,1.15022835842618
34,52,1.1494841319190974
34,53,1.1477880562251694
34,54,1.1466029876363155
34,55,1.1499315845534952
34,56,1.1534735129294595
34,57,1.1580976666822524
34,58,1.1603332205894132
34,59,1.159226951970055
34,60,1.1609713205289407
34,61,1.161676120796167
34,62,1.1642801235309044
34,63,1.1580780040814416
34,64,1.1655516963951609
34,65,1.1641199319980973
34,66,1.1664025335366586
34,67,1.163437414331021
34,68,1.1628557901358758
34,69,1.1682109837856096
34,70,1.1666718122260036
34,71,1.1703682992926738
34,72,1.167279399050715
34,73,1.1681906571835936
34,74,1.1694794605215495
34,75,1.1644203747912911
34,76,1.1678754565845786
34,77,1.1671851773995594
34,78,1.1671175902616948
34,79,1.1635227192957989
34,80,1.164400759964862
35,0,1.159417602547277
35,1,1.1600081997114358
35,2,1.1610438621133805
35,3,1.159541497569679
35,4,1.1569886283607602
35,5,1.1613634806586344
35,6,1.1600573704814892
35,7,1.1623710496133488
35,8,1.1630302282912688
35,9,1.1615049367349302
35,10,1.16021251376697
35,11,1.1607773262171028
35,12,1.1584462081474989
35,13,1.163905118422066
35,14,1.158747015207252
35,15,1.1604603827019986
35,16,1.160689269935281
35,17,1.161750188355383
35,18,1.1580562214482542
35,19,1.159807372396087
35,20,1.161283448584831
35,21,1.1602243675288748
35,22,1.1613372861425295
35,23,1.160319451039244
35,24,1.161354940579024
35,25,1.1661493912315746
35,26,1.1622719630825495
35,27,1.1567151639101316
35,28,1.1596252225823631
35,29,1.1599251136876796
35,30,1.1590171444155035
35,31,1.1625638371718516
35,32,1.157999472071483
35,33,1.1592505820348566
35,34,1.1620423170999818
35,35,1.1619873660553206
35,36,1.1577701878629436
35,37,1.1533527676057056
35,38,1.14790277917296
35,39,1.145489088103949
35,40,1.143576796049924
35,41,1.1419683097704552
35,42,1.14282281379606
35,43,1.1442566276689
35,44,1.1441783455587322
35,45,1.1433107698837703
35,46,1.1406727327418151
35,47,1.1425377494257187
35,48,1.1413008750049416
35,49,1.1391357936869526
35,50,1.1403679234275617
35,51,1.1405808688383343
35,52,1.1407219401084452
35,53,1.14016513224369
35,54,1.1374371259976654
35,55,1.1402442381488167
35,56,1.1421922825801214
35,57,1.146084657843398
35,58,1.1488688357979118
35,59,1.149420338322454
35,60,1.1502142331136682
35,61,1.1509977382095455
35,62,1.153766674334228
35,63,1.150723895531465
35,64,1.1563745906855991
35,65,1.15135915554209
35,66,1.1549557648363555
35,67,1.1550935420395092
35,68,1.154069836590092
35,69,1.1565447339751842
35,70,1.158558121163436
35,71,1.1570094745980108
35,72,1.157855840823068
35,73,1.156427882207569
35,74,1.157984580676055
35,75,1.1553970094189427
35,76,1.15380822161004
35,77,1.15577385010336
35,78,1.1553349875481815
35,79,1.156133495581404
35,80,1.1557930743110263
36,0,1.180242371423613
36,1,1.1743800449562198
36,2,1.1726009656559349
36,3,1.1728162718089044
36,4,1.1721048426181242
36,5,1.1731673377929377
36,6,1.174182406739394
36,7,1.1729135735071026
36,8,1.1748974378663624
36,9,1.1748280245526108
36,10,1.172280511918011
36,11,1.1768307374775735
36,12,1.1724586731004814
36,13,1.1773136476469672
36,14,1.1752507720110867
36,15,1.1762378038894263
36,16,1.1754453334574924
36,17,1.1710889443611934
36,18,1.1735392030469545
36,19,1.1710023493612625
36,20,1.1706105012566788
36,21,1.1716649089644813
36,22,1.173826459498056
36,23,1.1726940921628144
36,24,1.1728738800256997
36,25,1.175392281158997
36,26,1.1710031195120985
36,27,1.169848006730703
36,28,1.171802439185655
36,29,1.1697330635212182
36,30,1.172897158497613
36,31,1.1693312741239612
36,32,1.1743256484729163
36,33,1.1696702229124845
36,34,1.170386135419601
36,35,1.1701903537891667
36,36,1.1737553686140183
36,37,1.1691922516145632
36,38,1.1696381807694212
36,39,1.1626462039386054
36,40,1.1595532797843229
36,41,1.1558811587571831
36,42,1.1575405073283824
36,43,1.1566883452141417
36,44,1.151573597980387
36,45,1.1545310469035774
36,46,1.148491292393724
36,47,1.150014658554899
36,48,1.1490972866642797
36,49,1.1492944675381267
36,50,1.1526735778846349
36,51,1.151301655309169
36,52,1.1500122414665856
36,53,1.1488135060835438
36,54,1.145826401961441
36,55,1.1534940676807042
36,56,1.1552237123765845
36,57,1.1612038750459417
36,58,1.166587286811927
36,59,1.1694883907507436
36,60,1.170923804669996
36,61,1.169573423875389
36,62,1.1698115501461306
36,63,1.1673138146597726
36,64,1.1704325489589824
36,65,1.16966590684979
36,66,1.1703710620100876
36,67,1.1702446838333218
36,68,1.1694039559332263
36,69,1.1703940528584835
36,70,1.1691574985220423
36,71,1.1698674483293083
36,72,1.1695133105254618
36,73,1.168293789282058
36,74,1.1710810689583209
36,75,1.1671574399297695
36,76,1.1676069868919248
36,77,1.1700493618944598
36,78,1.1690613097735776
36,79,1.1694168514756538
36,80,1.1673027976261383
37,0,1.1809695694105888
37,1,1.1801001226022338
37,2,1.179947951281441
37,3,1.1779530062424255
37,4,1.1789083026621403
37,5,1.1752930982332217
37,6,1.1754115445292468
37,7,1.17871021936274
37,8,1.1780651297394902
37,9,1.1765499059535578
37,10,1.1750291226908158
37,11,1.1749771905879207
37,12,1.1741688818010652
37,13,1.179664901216831
37,14,1.1742733066171498
37,15,1.1747046326915278
37,16,1.1761885922379558
37,17,1.1759445920917213
37,18,1.1785321749546929
37,19,1.173579631920477
37,20,1.1734550047934251
37,21,1.1733096563191303
37,22,1.173410393047801
37,23,1.175657870134025
37,24,1.171486306748844
37,25,1.1770127791255585
37,26,1.172995414154082
37,27,1.1742843780239467
37,28,1.172331618094262
37,29,1.173245933710939
37,30,1.1763090110252985
37,31,1.175745197981433
37,32,1.173239140705989
37,33,1.1800945463052464
37,34,1.1797143213084211
37,35,1.1757447864505
37,36,1.1759724064539556
37,37,1.1717353862407265
37,38,1.1714781435056174
37,39,1.1655037121601572
37,40,1.1652153189908845
37,41,1.163652637754985
37,42,1.1595531469641625
37,43,1.1616919160445416
37,44,1.1583212550284003
37,45,1.1581570233998648
37,46,1.1560403510036177
37,47,1.158036484656814
37,48,1.1528842427897177
37,49,1.1539147126300493
37,50,1.1506693949740594
37,51,1.1524203344422772
37,52,1.152487771778447
37,53,1.1530122397800164
37,54,1.1501895001062918
37,55,1.158638699196379
37,56,1.1606726519137749
37,57,1.1652451219344504
37,58,1.1683545958162074
37,59,1.1665319317197846
37,60,1.1681399050541614
37,61,1.173229754324823
37,62,1.1715358651278427
37,63,1.167919292662689
37,64,1.1714144233066088
37,65,1.1688679346991149
37,66,1.172383939908933
37,67,1.170699650627464
37,68,1.172214676043357
37,69,1.1694210615604614
37,70,1.168939833647512
37,71,1.1734040223818014
37,72,1.1738111160809757
37,73,1.1714567982901651
37,74,1.16861133022319
37,75,1.1730367647255604
37,76,1.1744816801562323
37,77,1.1758142959949511
37,78,1.171688329151929
37,79,1.170298810186254
37,80,1.169708774471332
38,0,1.1835973142621017
38,1,1.1805051872348369
38,2,1.1801576629685424
38,3,1.1835902781220284
38,4,1.1824711797076222
38,5,1.180426648183559
38,6,1.179792299179117
38,7,1.182200797001792
38,8,1.1825830518901594
38,9,1.1797433409118627
38,10,1.1791337450617283
38,11,1.180938990847005
38,12,1.179012498737961
38,13,1.1788882724025394
38,14,1.181882979656926
38,15,1.1808095812505712
38,16,1.183611244960214
38,17,1.1802399320199906
38,18,1.1788460220271015
38,19,1.1814822857014706
38,20,1.1810069218933823
38,21,1.180853275584188
38,22,1.1836699882636654
38,23,1.182652423320917
38,24,1.182490598437415
38,25,1.181503791198891
38,26,1.1825712179379884
38,27,1.183258039870417
38,28,1.1825876014148398
38,29,1.1785350184457497
38,30,1.181329147730501
38,31,1.1828672283816652
38,32,1.185427894159291
38,33,1.180752739353308
38,34,1.1807064730265004
38,35,1.1836547797099228
38,36,1.1824544809516906
38,37,1.174217636862014
38,38,1.1652545790895872
38,39,1.1628704632860505
38,40,1.159078464392031
38,41,1.1598074032887442
38,42,1.1584486720733065
38,43,1.1605920979169044
38,44,1.160989872875649
38,45,1.1599300336045797
38,46,1.1605934915876626
38,47,1.159026339761832
38,48,1.1580138632356154
38,49,1.1613300947202176
38,50,1.1594933127989244
38,51,1.1584620865063997
38,52,1.1606336702174658
38,53,1.1616629457651777
38,54,1.1589006041051344
38,55,1.160653514026888
38,56,1.1667454130317232
38,57,1.1678889579351053
38,58,1.173651679174248
38,59,1.1733109463829257
38,60,1.1779927857278276
38,61,1.1788259810924695
38,62,1.1798563604861383
38,63,1.1795359464005788
38,64,1.18060628121407
38,65,1.1792381783110863
38,66,1.1795987886639314
38,67,1.181442528578971
38,68,1.179946435960182
38,69,1.1830750340643723
38,70,1.1822687304922377
38,71,1.1839206087399834
38,72,1.1830431578845897
38,73,1.1812498741544324
38,74,1.181955065589902
38,75,1.1792776583115208
38,76,1.180706134344597
38,77,1.1804985164644433
38,78,1.1786105270629248
38,79,1.1807945030509603
38,80,1.1820648183767113
39,0,1.172340555596094
39,1,1.1712369662599036
39,2,1.1717680105246706
39,3,1.170014555890622
39,4,1.172366947281812
39,5,1.170685175401897
39,6,1.1690614962208974
39,7,1.1701463142670845
39,8,1.1718903925265691
39,9,1.1706998577221464
39,10,1.1677031749857978
39,11,1.1699057437555025
39,12,1.1703885443509838
39,13,1.1697995798786456
39,14,1.172351984256214
39,15,1.1720309685986992
39,16,1.1701245409439796
39,17,1.1720305865602858
39,18,1.1739581808532402
39,19,1.1695510645311429
39,20,1.1733115980095894
39,21,1.1715361969545035
39,22,1.1727605566243484
39,23,1.173268464046356
39,24,1.173558414433199
39,25,1.17212771439301
39,26,1.174158273762288
39,27,1.169899118656386
39,28,1.1699144274455924
39,29,1.169222539534306
39,30,1.173263643275613
39,31,1.1718845933272766
39,32,1.1718764346669357
39,33,1.1723063997870724
39,34,1.1745946342161744
39,35,1.1749661102284106
39,36,1.1739548276261045
39,37,1.1671126192707482
39,38,1.1610985667022211
39,39,1.1536719504566106
39,40,1.1530542221072009
39,41,1.1536987242590548
39,42,1.1510956919952744
39,43,1.155547607028155
39,44,1.1522483682405449
39,45,1.1536810865981817
39,46,1.153467303058154
39,47,1.1534541279611006
39,48,1.1522904367563378
39,49,1.156141348296627
39,50,1.1555690648239507
39,51,1.152739976456901
39,52,1.1510667767264602
39,53,1.1546330759016334
39,54,1.1519855115871156
39,55,1.1543459552571076
39,56,1.1564810105357977
39,57,1.1600622391909072
39,58,1.1650820014716463
39,59,1.1652157203695
39,60,1.1665579845364384
39,61,1.1675145452799531
39,62,1.168765681436814
39,63,1.1700785490759242
39,64,1.169206888551858
39,65,1.1681061047819865
39,66,1.1722690062813428
39,67,1.1717343427809257
39,68,1.1705914375909192
39,69,1.1693919578055707
39,70,1.1742473819326784
39,71,1.1696611827004106
39,72,1.173575130282409
39,73,1.1717136969155193
39,74,1.1739440624324526
39,75,1.1676621444555535
39,76,1.170142366033781
39,77,1.1711251001437746
39,78,1.1700407385696934
39,79,1.1710065587120095
39,80,1.1716772335125007
40,0,1.181377252288328
40,1,1.1795295003813309
40,2,1.178064197630384
40,3,1.1814747075429817
40,4,1.1793042786743333
40,5,1.1776993831324345
40,6,1.1772097275428124
40,7,1.176971580760056
40,8,1.1798432845747278
40,9,1.1819687062526296
40,10,1.1832701169299982
40,11,1.1772010809855096
40,12,1.178932944242798
40,13,1.1775946889352795
40,14,1.1783214973652694
40,15,1.1787270623191892
40,16,1.181101611683351
40,17,1.1798191157920106
40,18,1.1786340043140076
40,19,1.1784605015032206
40,20,1.1794308485198877
40,21,1.1805846732932062
40,22,1.1790048932497124
40,23,1.1806890249882585
40,24,1.1821023341263632
40,25,1.178434454344492
40,26,1.1798284147569076
40,27,1.1770607660630017
40,28,1.1820905296370177
40,29,1.1752709377166688
40,30,1.1780162399268324
40,31,1.1795254509146649
40,32,1.1782095852464671
40,33,1.1772673955022124
40,34,1.1827657834335208
40,35,1.1787141685866185
40,36,1.178507679967389
40,37,1.1719046414482646
40,38,1.1697218793822106
40,39,1.163063913692124
40,40,1.1595545126777165
40,41,1.158745311829117
40,42,1.151809356493102
40,43,1.15858606561838
40,44,1.1559926178332618
40,45,1.1582357500870608
40,46,1.1526181456531588
40,47,1.1558327013085692
40,48,1.155857274267338
40,49,1.154031936827088
40,50,1.1536902237378994
40,51,1.1542662804410633
40,52,1.1548410547060173
40,53,1.1512492192929038
40,54,1.1516014806014494
40,55,1.1508354235029663
40,56,1.1595149233103588
40,57,1.163677517776682
40,58,1.168151788171952
40,59,1.1691986357482802
40,60,1.1725855665122389
40,61,1.1699628608001402
40,62,1.1687080831895589
40,63,1.171112064986693
40,64,1.1727345563956262
40,65,1.1721761687622396
40,66,1.171847762914123
40,67,1.1722512428283414
40,68,1.1722556715142392
40,69,1.1756748661871448
40,70,1.1731153250648378
40,71,1.1751467145909795
40,72,1.172913377799541
40,73,1.17326640342192
40,74,1.175116737992907
40,75,1.1734886041570942
40,76,1.1726152495220006
40,77,1.1690131346027453
40,78,1.1750333355292808
40,79,1.1750821675091447
40,80,1.1724071059269352
